{
  "deportes": [
    { "id": 4, "nombre": "Tenis", "descripcion": "Raqueta, pelota y concentración" },
    { "id": 5, "nombre": "Boxeo", "descripcion": "Golpes, táctica y resistencia" },
    { "id": 6, "nombre": "Kayak", "descripcion": "Aventura sobre el agua" }
  ],
  "productos": [
    { "id": 4, "nombre": "Raqueta Wilson", "descripcion": "Alta precisión y control", "precio": 150, "stock": 3, "categoria_id": 4 },
    { "id": 5, "nombre": "Guantes de boxeo Everlast", "descripcion": "Protección profesional", "precio": 80, "stock": 6, "categoria_id": 5 },
    { "id": 6, "nombre": "Kayak inflable", "descripcion": "Ligero y resistente", "precio": 250, "stock": 1, "categoria_id": 6 }
  ]
}